{
	"pattrstorage" : 	{
		"name" : "impact",
		"slots" : 		{
			"1" : 			{
				"id" : 1,
				"data" : 				{
					"Additive" : [ 100.0 ],
					"DampingG" : [ 1.5 ],
					"DampingR" : [ 0.23 ],
					"Decay" : [ 0.11811 ],
					"Even" : [ 100.0 ],
					"InharmonicA" : [ 1.0 ],
					"InharmonicB" : [ 0.0 ],
					"InharmonicC" : [ 5.0 ],
					"Odd" : [ 100.0 ],
					"Pan" : [ 2.755906 ],
					"Partials" : [ 0.0, 0.0, 0.0, 0.0, 1.0, 0.888738, 0.789731, 0.701753, 0.623577, 0.554109, 0.49238, 0.437528, 0.388787, 0.345475, 0.306989, 0.272789, 0.2424, 0.215396, 0.191401, 0.170078, 0.151131, 0.134295, 0.119334, 0.10604, 0.094227, 0.08373, 0.074402, 0.066114, 0.058749, 0.052204, 0.046388, 0.041221, 0.036628, 0.032548, 0.028922, 0.0257, 0.022837, 0.020293, 0.018032, 0.016023 ],
					"Pitch" : [ 72.0 ],
					"Portamento" : [ 0.0 ],
					"Stochastic" : [ 0.01 ],
					"Time[1]" : [ 1500.0 ],
					"Tristimulus" : [ 127, 0 ],
					"live.gain~" : [ -18.0 ],
					"live.numbox[4]" : [ 0.0 ],
					"live.toggle" : [ 0.0 ],
					"live.toggle[1]" : [ 0.0 ],
					"live.toggle[2]" : [ 1.0 ],
					"slg.freeverb~::damping" : [ 0.5 ],
					"slg.freeverb~::dry" : [ 0.5 ],
					"slg.freeverb~::on" : [ 0 ],
					"slg.freeverb~::size" : [ 0.5 ],
					"slg.freeverb~::wet" : [ 0.5 ],
					"slg.freeverb~::width" : [ 0.5 ]
				}

			}
,
			"2" : 			{
				"id" : 2,
				"data" : 				{
					"Additive" : [ 100.0 ],
					"DampingG" : [ 1.5 ],
					"DampingR" : [ 0.23 ],
					"Decay" : [ 0.11811 ],
					"Even" : [ 100.0 ],
					"InharmonicA" : [ 1.0 ],
					"InharmonicB" : [ 0.0 ],
					"InharmonicC" : [ 5.0 ],
					"Odd" : [ 100.0 ],
					"Pan" : [ 2.755906 ],
					"Partials" : [ 1.0, 0.0, 0.0, 0.0, 0.000157, 0.00014, 0.000124, 0.00011, 0.000098, 0.000087, 0.000078, 0.000069, 0.000061, 0.000054, 0.000048, 0.000043, 0.000038, 0.000034, 0.00003, 0.000027, 0.000024, 0.000021, 0.000019, 0.000017, 0.000015, 0.000013, 0.000012, 0.00001, 0.000009, 0.000008, 0.000007, 0.000006, 0.000006, 0.000005, 0.000005, 0.000004, 0.000004, 0.000003, 0.000003, 0.000003 ],
					"Pitch" : [ 71.0 ],
					"Portamento" : [ 0.0 ],
					"Stochastic" : [ 0.01 ],
					"Time[1]" : [ 1500.0 ],
					"Tristimulus" : [ 0, 0 ],
					"live.gain~" : [ -18.0 ],
					"live.numbox[4]" : [ 0.0 ],
					"live.toggle" : [ 0.0 ],
					"live.toggle[1]" : [ 0.0 ],
					"live.toggle[2]" : [ 1.0 ],
					"slg.freeverb~::damping" : [ 0.5 ],
					"slg.freeverb~::dry" : [ 0.5 ],
					"slg.freeverb~::on" : [ 0 ],
					"slg.freeverb~::size" : [ 0.5 ],
					"slg.freeverb~::wet" : [ 0.5 ],
					"slg.freeverb~::width" : [ 0.5 ]
				}

			}
,
			"3" : 			{
				"id" : 3,
				"data" : 				{
					"Additive" : [ 100.0 ],
					"DampingG" : [ 1.5 ],
					"DampingR" : [ 0.23 ],
					"Decay" : [ 0.11811 ],
					"Even" : [ 100.0 ],
					"InharmonicA" : [ 1.0 ],
					"InharmonicB" : [ 0.0 ],
					"InharmonicC" : [ 5.0 ],
					"Odd" : [ 100.0 ],
					"Pan" : [ 2.755906 ],
					"Partials" : [ 0.0, 1.0, 1.0, 1.0, 0.000157, 0.00014, 0.000124, 0.00011, 0.000098, 0.000087, 0.000078, 0.000069, 0.000061, 0.000054, 0.000048, 0.000043, 0.000038, 0.000034, 0.00003, 0.000027, 0.000024, 0.000021, 0.000019, 0.000017, 0.000015, 0.000013, 0.000012, 0.00001, 0.000009, 0.000008, 0.000007, 0.000006, 0.000006, 0.000005, 0.000005, 0.000004, 0.000004, 0.000003, 0.000003, 0.000003 ],
					"Pitch" : [ 71.0 ],
					"Portamento" : [ 0.0 ],
					"Stochastic" : [ 0.01 ],
					"Time[1]" : [ 1500.0 ],
					"Tristimulus" : [ 0, 127 ],
					"live.gain~" : [ -18.0 ],
					"live.numbox[4]" : [ 0.0 ],
					"live.toggle" : [ 0.0 ],
					"live.toggle[1]" : [ 0.0 ],
					"live.toggle[2]" : [ 1.0 ],
					"slg.freeverb~::damping" : [ 0.5 ],
					"slg.freeverb~::dry" : [ 0.5 ],
					"slg.freeverb~::on" : [ 0 ],
					"slg.freeverb~::size" : [ 0.5 ],
					"slg.freeverb~::wet" : [ 0.5 ],
					"slg.freeverb~::width" : [ 0.5 ]
				}

			}
,
			"28" : 			{
				"id" : 28,
				"data" : 				{
					"Additive" : [ 100.0 ],
					"DampingG" : [ 1.5 ],
					"DampingR" : [ 0.23 ],
					"Decay" : [ 0.11811 ],
					"Even" : [ 100.0 ],
					"InharmonicA" : [ 1.0 ],
					"InharmonicB" : [ 0.0 ],
					"InharmonicC" : [ 5.0 ],
					"Odd" : [ 100.0 ],
					"Pan" : [ 2.755906 ],
					"Partials" : [ 0.0, 1.0, 1.0, 1.0, 0.000157, 0.00014, 0.000124, 0.00011, 0.000098, 0.000087, 0.000078, 0.000069, 0.000061, 0.000054, 0.000048, 0.000043, 0.000038, 0.000034, 0.00003, 0.000027, 0.000024, 0.000021, 0.000019, 0.000017, 0.000015, 0.000013, 0.000012, 0.00001, 0.000009, 0.000008, 0.000007, 0.000006, 0.000006, 0.000005, 0.000005, 0.000004, 0.000004, 0.000003, 0.000003, 0.000003 ],
					"Pitch" : [ 72.0 ],
					"Portamento" : [ 0.0 ],
					"Stochastic" : [ 0.01 ],
					"Time[1]" : [ 1500.0 ],
					"Tristimulus" : [ 0, 127 ],
					"live.gain~" : [ -18.0 ],
					"live.numbox[4]" : [ 0.0 ],
					"live.toggle" : [ 0.0 ],
					"live.toggle[1]" : [ 0.0 ],
					"live.toggle[2]" : [ 1.0 ],
					"slg.freeverb~::damping" : [ 0.5 ],
					"slg.freeverb~::dry" : [ 0.5 ],
					"slg.freeverb~::on" : [ 0 ],
					"slg.freeverb~::size" : [ 0.5 ],
					"slg.freeverb~::wet" : [ 0.5 ],
					"slg.freeverb~::width" : [ 0.5 ]
				}

			}
,
			"34" : 			{
				"id" : 34,
				"data" : 				{
					"Additive" : [ 100.0 ],
					"DampingG" : [ 1.5 ],
					"DampingR" : [ 0.23 ],
					"Decay" : [ 0.11811 ],
					"Even" : [ 100.0 ],
					"InharmonicA" : [ 1.0 ],
					"InharmonicB" : [ 0.0 ],
					"InharmonicC" : [ 5.0 ],
					"Odd" : [ 100.0 ],
					"Pan" : [ 2.755906 ],
					"Partials" : [ 0.0, 1.0, 1.0, 1.0, 0.000157, 0.00014, 0.000124, 0.00011, 0.000098, 0.000087, 0.000078, 0.000069, 0.000061, 0.000054, 0.000048, 0.000043, 0.000038, 0.000034, 0.00003, 0.000027, 0.000024, 0.000021, 0.000019, 0.000017, 0.000015, 0.000013, 0.000012, 0.00001, 0.000009, 0.000008, 0.000007, 0.000006, 0.000006, 0.000005, 0.000005, 0.000004, 0.000004, 0.000003, 0.000003, 0.000003 ],
					"Pitch" : [ 71.0 ],
					"Portamento" : [ 0.0 ],
					"Stochastic" : [ 0.01 ],
					"Time[1]" : [ 1500.0 ],
					"Tristimulus" : [ 0, 127 ],
					"live.gain~" : [ -18.0 ],
					"live.numbox[4]" : [ 0.0 ],
					"live.toggle" : [ 0.0 ],
					"live.toggle[1]" : [ 0.0 ],
					"live.toggle[2]" : [ 1.0 ],
					"slg.freeverb~::damping" : [ 0.5 ],
					"slg.freeverb~::dry" : [ 0.5 ],
					"slg.freeverb~::on" : [ 0 ],
					"slg.freeverb~::size" : [ 0.5 ],
					"slg.freeverb~::wet" : [ 0.5 ],
					"slg.freeverb~::width" : [ 0.5 ]
				}

			}
,
			"49" : 			{
				"id" : 49,
				"data" : 				{
					"Additive" : [ 100.0 ],
					"DampingG" : [ 1.5 ],
					"DampingR" : [ 0.23 ],
					"Decay" : [ 0.11811 ],
					"Even" : [ 100.0 ],
					"InharmonicA" : [ 1.0 ],
					"InharmonicB" : [ 0.0 ],
					"InharmonicC" : [ 5.0 ],
					"Odd" : [ 100.0 ],
					"Pan" : [ 2.755906 ],
					"Partials" : [ 0.0, 1.0, 1.0, 1.0, 0.000157, 0.00014, 0.000124, 0.00011, 0.000098, 0.000087, 0.000078, 0.000069, 0.000061, 0.000054, 0.000048, 0.000043, 0.000038, 0.000034, 0.00003, 0.000027, 0.000024, 0.000021, 0.000019, 0.000017, 0.000015, 0.000013, 0.000012, 0.00001, 0.000009, 0.000008, 0.000007, 0.000006, 0.000006, 0.000005, 0.000005, 0.000004, 0.000004, 0.000003, 0.000003, 0.000003 ],
					"Pitch" : [ 72.0 ],
					"Portamento" : [ 0.0 ],
					"Stochastic" : [ 0.01 ],
					"Time[1]" : [ 1500.0 ],
					"Tristimulus" : [ 0, 127 ],
					"live.gain~" : [ -18.0 ],
					"live.numbox[4]" : [ 0.0 ],
					"live.toggle" : [ 0.0 ],
					"live.toggle[1]" : [ 0.0 ],
					"live.toggle[2]" : [ 1.0 ],
					"slg.freeverb~::damping" : [ 0.5 ],
					"slg.freeverb~::dry" : [ 0.5 ],
					"slg.freeverb~::on" : [ 0 ],
					"slg.freeverb~::size" : [ 0.5 ],
					"slg.freeverb~::wet" : [ 0.5 ],
					"slg.freeverb~::width" : [ 0.5 ]
				}

			}
,
			"62" : 			{
				"id" : 62,
				"data" : 				{
					"Additive" : [ 100.0 ],
					"DampingG" : [ -1.570866 ],
					"DampingR" : [ 0.23 ],
					"Decay" : [ 0.36811 ],
					"Even" : [ 100.0 ],
					"InharmonicA" : [ 1.0 ],
					"InharmonicB" : [ 0.002 ],
					"InharmonicC" : [ 1.4 ],
					"Odd" : [ 100.0 ],
					"Pan" : [ 2.755906 ],