{
	"pattrstorage" : 	{
		"name" : "impact",
		"slots" : 		{
			"1" : 			{
				"id" : 1,
				"data" : 				{
					"Additive" : [ 100.0 ],
					"DampingG" : [ 1.5 ],
					"DampingR" : [ 0.23 ],
					"Decay" : [ 0.25 ],
					"Even" : [ 100.0 ],
					"InharmonicA" : [ 1.0 ],
					"InharmonicB" : [ 0.05 ],
					"InharmonicC" : [ 0.5 ],
					"Odd" : [ 100.0 ],
					"Pan" : [ 0.393701 ],
					"Partials" : [ 0.920787, 0.535433, 0.416996, 0.324757, 0.425354, 0.331266, 0.25799, 0.200923, 0.156479, 0.121866, 0.094909, 0.073915, 0.057565, 0.044832, 0.034915, 0.027192, 0.021177, 0.016493, 0.012845, 0.010003, 0.007791, 0.006067, 0.004725, 0.00368, 0.002866, 0.002232, 0.001738, 0.001354, 0.001054, 0.000821, 0.000639, 0.000498, 0.000388, 0.000302, 0.000235, 0.000183, 0.000143, 0.000111, 0.000087, 0.000067 ],
					"Pitch" : [ 72.0 ],
					"Portamento" : [ 0.0 ],
					"Stochastic" : [ 0.01 ],
					"Time[1]" : [ 625.0 ],
					"Tristimulus" : [ 54, 34 ],
					"live.gain~" : [ -18.0 ],
					"live.numbox[4]" : [ 0.0 ],
					"live.toggle" : [ 1.0 ],
					"live.toggle[1]" : [ 1.0 ],
					"live.toggle[2]" : [ 1.0 ],
					"slg.freeverb~::damping" : [ 0.5 ],
					"slg.freeverb~::dry" : [ 0.5 ],
					"slg.freeverb~::on" : [ 1 ],
					"slg.freeverb~::size" : [ 0.5 ],
					"slg.freeverb~::wet" : [ 0.5 ],
					"slg.freeverb~::width" : [ 0.5 ]
				}

			}
,
			"2" : 			{
				"id" : 2,
				"data" : 				{
					"Additive" : [ 100.0 ],
					"DampingG" : [ -2.437008 ],
					"DampingR" : [ 0.23 ],
					"Decay" : [ 0.25 ],
					"Even" : [ 100.0 ],
					"InharmonicA" : [ 1.0 ],
					"InharmonicB" : [ 0.05 ],
					"InharmonicC" : [ 0.5 ],
					"Odd" : [ 100.0 ],
					"Pan" : [ 0.393701 ],
					"Partials" : [ 0.590079, 0.96063, 0.748139, 0.582651, 0.322992, 0.251547, 0.195905, 0.152571, 0.118822, 0.092539, 0.072069, 0.056128, 0.043712, 0.034043, 0.026513, 0.020648, 0.016081, 0.012524, 0.009754, 0.007596, 0.005916, 0.004607, 0.003588, 0.002794, 0.002176, 0.001695, 0.00132, 0.001028, 0.000801, 0.000624, 0.000486, 0.000378, 0.000295, 0.000229, 0.000179, 0.000139, 0.000108, 0.000084, 0.000066, 0.000051 ],
					"Pitch" : [ 72.0 ],
					"Portamento" : [ 0.0 ],
					"Stochastic" : [ 0.01 ],
					"Time[1]" : [ 625.0 ],
					"Tristimulus" : [ 41, 61 ],
					"live.gain~" : [ -18.0 ],
					"live.numbox[4]" : [ 0.0 ],
					"live.toggle" : [ 1.0 ],
					"live.toggle[1]" : [ 1.0 ],
					"live.toggle[2]" : [ 1.0 ],
					"slg.freeverb~::damping" : [ 0.5 ],
					"slg.freeverb~::dry" : [ 0.5 ],
					"slg.freeverb~::on" : [ 1 ],
					"slg.freeverb~::size" : [ 0.5 ],
					"slg.freeverb~::wet" : [ 0.5 ],
					"slg.freeverb~::width" : [ 0.5 ]
				}

			}
,
			"3" : 			{
				"id" : 3,
				"data" : 				{
					"Additive" : [ 100.0 ],
					"DampingG" : [ 2.759842 ],
					"DampingR" : [ 0.23 ],
					"Decay" : [ 0.25 ],
					"Even" : [ 100.0 ],
					"InharmonicA" : [ 1.0 ],
					"InharmonicB" : [ 0.05 ],
					"InharmonicC" : [ 0.5 ],
					"Odd" : [ 100.0 ],
					"Pan" : [ 0.393701 ],
					"Partials" : [ 0.164882, 0.047244, 0.036794, 0.028655, 0.921417, 0.717601, 0.558868, 0.435247, 0.33897, 0.26399, 0.205596, 0.160118, 0.1247, 0.097117, 0.075635, 0.058904, 0.045875, 0.035727, 0.027824, 0.02167, 0.016876, 0.013143, 0.010236, 0.007972, 0.006208, 0.004835, 0.003766, 0.002933, 0.002284, 0.001779, 0.001385, 0.001079, 0.00084, 0.000654, 0.00051, 0.000397, 0.000309, 0.000241, 0.000187, 0.000146 ],
					"Pitch" : [ 72.0 ],
					"Portamento" : [ 0.0 ],
					"Stochastic" : [ 0.01 ],
					"Time[1]" : [ 625.0 ],
					"Tristimulus" : [ 117, 3 ],
					"live.gain~" : [ -18.0 ],
					"live.numbox[4]" : [ 0.0 ],
					"live.toggle" : [ 1.0 ],
					"live.toggle[1]" : [ 1.0 ],
					"live.toggle[2]" : [ 1.0 ],
					"slg.freeverb~::damping" : [ 0.5 ],
					"slg.freeverb~::dry" : [ 0.5 ],
					"slg.freeverb~::on" : [ 1 ],
					"slg.freeverb~::size" : [ 0.5 ],
					"slg.freeverb~::wet" : [ 0.5 ],
					"slg.freeverb~::width" : [ 0.5 ]
				}

			}
,
			"4" : 			{
				"id" : 4,
				"data" : 				{
					"Additive" : [ 100.0 ],
					"DampingG" : [ -1.728347 ],
					"DampingR" : [ 0.23 ],
					"Decay" : [ 0.25 ],
					"Even" : [ 100.0 ],
					"InharmonicA" : [ 1.0 ],
					"InharmonicB" : [ 1.861024 ],
					"InharmonicC" : [ -0.129921 ],
					"Odd" : [ 100.0 ],
					"Pan" : [ 0.393701 ],
					"Partials" : [ 0.519213, 0.362205, 0.282085, 0.219688, 0.645827, 0.50297, 0.391714, 0.305067, 0.237586, 0.185032, 0.144103, 0.112228, 0.087403, 0.06807, 0.053013, 0.041286, 0.032154, 0.025041, 0.019502, 0.015188, 0.011829, 0.009212, 0.007174, 0.005587, 0.004352, 0.003389, 0.002639, 0.002056, 0.001601, 0.001247, 0.000971, 0.000756, 0.000589, 0.000459, 0.000357, 0.000278, 0.000217, 0.000169, 0.000131, 0.000102 ],
					"Pitch" : [ 71.0 ],
					"Portamento" : [ 0.0 ],
					"Stochastic" : [ 0.01 ],
					"Time[1]" : [ 625.0 ],
					"Tristimulus" : [ 82, 23 ],
					"live.gain~" : [ -18.0 ],
					"live.numbox[4]" : [ 0.0 ],
					"live.toggle" : [ 1.0 ],
					"live.toggle[1]" : [ 1.0 ],
					"live.toggle[2]" : [ 1.0 ],
					"slg.freeverb~::damping" : [ 0.5 ],
					"slg.freeverb~::dry" : [ 0.5 ],
					"slg.freeverb~::on" : [ 1 ],
					"slg.freeverb~::size" : [ 0.5 ],
					"slg.freeverb~::wet" : [ 0.5 ],
					"slg.freeverb~::width" : [ 0.5 ]
				}

			}
,
			"5" : 			{
				"id" : 5,
				"data" : 				{
					"Additive" : [ 100.0 ],
					"DampingG" : [ -0.438583 ],
					"DampingR" : [ 0.23 ],
					"Decay" : [ 0.32874 ],
					"Even" : [ 85.840942 ],
					"InharmonicA" : [ 0.291339 ],
					"InharmonicB" : [ 0.001 ],
					"InharmonicC" : [ 0.185039 ],
					"Odd" : [ 100.0 ],
					"Pan" : [ 1.968504 ],
					"Partials" : [ 0.590079, 0.488189, 0.351413, 0.252958, 0.559213, 0.402538, 0.289759, 0.208577, 0.15014, 0.108075, 0.077796, 0.056, 0.04031, 0.029017, 0.020887, 0.015035, 0.010823, 0.007791, 0.005608, 0.004037, 0.002906, 0.002092, 0.001506, 0.001084, 0.00078, 0.000562, 0.000404, 0.000291, 0.000209, 0.000151, 0.000109, 0.000078, 0.000056, 0.00004, 0.000029, 0.000021, 0.000015, 0.000011, 0.000008, 0.000006 ],
					"Pitch" : [ 64.0 ],
					"Portamento" : [ 0.0 ],
					"Stochastic" : [ 0.01 ],
					"Time[1]" : [ 500.0 ],
					"Tristimulus" : [ 71, 31 ],
					"live.gain~" : [ -6.429739 ],
					"live.numbox[4]" : [ 64.0 ],
					"live.toggle" : [ 0.0 ],
					"live.toggle[1]" : [ 1.0 ],
					"live.toggle[2]" : [ 0.0 ],
					"slg.freeverb~::damping" : [ 0.5 ],
					"slg.freeverb~::dry" : [ 0.5 ],
					"slg.freeverb~::on" : [ 0 ],
					"slg.freeverb~::size" : [ 0.5 ],
					"slg.freeverb~::wet" : [ 0.5 ],
					"slg.freeverb~::width" : [ 0.5 ]
				}

			}
,
			"6" : 			{
				"id" : 6,
				"data" : 				{
					"Additive" : [ 100.0 ],
					"DampingG" : [ 2.996063 ],
					"DampingR" : [ 0.15126 ],
					"Decay" : [ 0.25 ],
					"Even" : [ 100.0 ],
					"InharmonicA" : [ 1.0 ],
					"InharmonicB" : [ 0.0 ],
					"InharmonicC" : [ 1.0 ],
					"Odd" : [ 100.0 ],
					"Pan" : [ 0.393701 ],
					"Partials" : [ 0.448347, 0.425197, 0.331144, 0.257895, 0.637953, 0.496838, 0.386938, 0.301348, 0.23469, 0.182777, 0.142347, 0.11086, 0.086338, 0.06724, 0.052366, 0.040783, 1.0, 0.024736, 0.019265, 0.015003, 0.2, 0.0091, 0.007087, 0.005519, 0.004298, 0.514286, 0.002607, 0.00203, 0.357143, 0.001232, 0.000959, 0.000747, 0.000582, 0.857143, 0.000353, 0.000275, 0.4, 0.000167, 0.00013, 0.000101 ],
					"Pitch" : [ 67.0 ],
					"Portamento" : [ 0.0 ],
					"Stochastic" : [ 0.01 ],
					"Time[1]" : [ 625.0 ],
					"Tristimulus" : [ 81, 27 ],
					"live.gain~" : [ -18.0 ],
					"live.numbox[4]" : [ 90.0 ],
					"live.toggle" : [ 0.0 ],
					"live.toggle[1]" : [ 0.0 ],
					"live.toggle[2]" : [ 0.0 ],
					"slg.freeverb~::damping" : [ 0.5 ],
					"slg.freeverb~::dry" : [ 0.5 ],
					"slg.freeverb~::on" : [ 1 ],
					"slg.freeverb~::size" : [ 0.5 ],
					"slg.freeverb~::wet" : [ 0.5 ],
					"slg.freeverb~::width" : [ 0.5 ]
				}

			}
,
			"34" : 			{
				"id" : 34,
				"data" : 				{
					"Additive" : [ 100.0 ],
					"DampingG" : [ 2.759842 ],
					"DampingR" : [ 0.23 ],
					"Decay" : [ 0.25 ],